gPlusUserId,currentPlace
100002460517064340398,Sunnyvale
100003840837471130074,Sunnyvale
100006029944244477735,Campbell
100006742151940031092,Palo Alto
100008858224190919909,Palo Alto
100011536689227259888,San Jose
100023366950410484090,San Jose
100025655415646683792,Mountain View
100031632275618346369,Santa Clara
100038801356570551641,Sunnyvale
100039713894403535523,San Jose
100071656171098961099,San Jose
100072405688463733878,San Jose
100074979641998379209,San Jose
100075904607680107656,Mountain View
100092973924299003677,Santa Clara
100110208515823332531,California
100115067108459141617,San Jose
100124946836989348289,Sunnyvale
100126762950886356143,Sunnyvale
100132303607731236513,San Jose
100133793475601121414,Cupertino
100143217078205952565,Los Gatos
100149664588967478805,San Jose
100158475664380313769,Cupertino
100165785138393413483,San Jose
100167615322834761752,Palo Alto
100171211835522367103,Gilroy
100177386695296816639,San Jose
100190519854750487303,San Jose
100197508356886326704,Santa Clara
100214762861038716832,San Jose
100215158885259107805,Palo Alto
100233014292173864533,Mountain View
100251179426558084985,Sunnyvale
100253010220218255500,San Jose
100256150957149096364,Sunnyvale
100262640146945954762,San Jose
100264743095233022379,Mountain View
100269481391810649903,San Jose
100275503224953366263,Sunnyvale
100276270139702846152,Gilroy
100291891672286083530,Sunnyvale
100296505327492549040,San Jose
100296846020450571130,San Jose
100298086018454879725,Milpitas
100309291123058868613,San Jose
100314480566312367138,San Jose
100321501961138199853,San Jose
100338061906674581583,Sunnyvale
100342053567370325858,Mountain View
100360546518857835207,Sunnyvale
100364774576371991691,Mountain View
100365059611069751693,San Jose
100373084471642781968,San Jose
100375485455721630300,San Jose
100382975785238349161,San Jose
100422138690900688683,San Jose
100433426906137374014,San Jose
100438216083628066239,Santa Clara
100439596227271073079,Mountain View
100443911806118334980,San Jose
100451483231121698580,Campbell
100459615849581001992,Santa Clara
100460423027501413234,Palo Alto
100460763424732665678,San Jose
100468471941650253462,Saratoga
100481154428131733498,San Jose
100492568589262300758,San Jose
100499252903170472938,San Jose
100512490012949755266,Saratoga
100525684445234857383,San Jose
100527225188442237326,San Jose
100531304702028472124,San Jose
100541050259318359702,San Jose
100544107049960609671,Mountain View
100555162448603417026,San Jose
100556109458489793604,Mountain View
100562194410547667298,Sunnyvale
100563310144689081954,San Jose
100565761572810776859,Mountain View
100574757824961929377,San Jose
100576465354628857568,San Jose
100576930831947255705,Santa Clara
100579369002544510261,San Jose
100613968095050557718,Palo Alto
100617791877490362344,Sunnyvale
100622204130464429420,Santa Clara
100622219445576024688,Palo Alto
100629894577962791809,Campbell
100638505113491107981,San Jose
100641666612325684197,San Jose
100642430994138591558,San Jose
100646294119400809772,Campbell
100654007362564253163,Santa Clara
100660886041638946246,San Jose
100669826643515036642,San Jose
100683030190943371917,San Jose
100686869166134464604,Campbell
100690882539698151181,San Jose
100699042304761823012,Santa Clara
100717246976838782024,Sunnyvale
100719110432513315785,Mountain View
100721815547041830268,San Jose
100742269042336874742,San Jose
100746743131720523252,Mountain View
100748389800612779857,Campbell
100755968308575364402,Mountain View
100763374235741941608,Palo Alto
100763410003608743472,San Jose
100766231441394096930,San Jose
100766808532785358158,Santa Clara
100782171192921782842,Mountain View
100792441386120625837,San Jose
100795653580605341905,Palo Alto
100796659305737372739,Palo Alto
100801499324699966020,Palo Alto
100814470728011512096,San Jose
100815717686660266308,San Jose
100817766199767691735,Sunnyvale
100832763928941650470,Palo Alto
100843174514302481705,San Jose
100845500681414841470,San Jose
100846721213714155501,Santa Clara
100891058056512612595,San Jose
100892980623524891334,Sunnyvale
100904827127586172068,San Jose
100905761674513905557,Mountain View
100906008278456962370,Cupertino
100912212839252823085,Santa Clara
100913499463646702778,San Jose
100920393637952449481,San Jose
100929543184324446980,San Jose
100931628916218898240,Santa Clara
100935525583217640526,Palo Alto
100935669209635784328,Cupertino
100941020755271758197,San Jose
100942946732546040885,Santa Clara
100952441119091106180,Mountain View
100961296163580375722,Santa Clara
100969359097910837817,San Jose
100979963411553145507,Santa Clara
100981388284358828816,Mountain View
100992263592576743899,San Jose
100996042448540609823,Sunnyvale
101004758796102367719,San Jose
101009437269154816975,Palo Alto
101018161532789979317,Santa Clara
101025731921407612942,Mountain View
101030115344761746161,San Jose
101030643704612054804,Mountain View
101032613017865088539,San Jose
101037351754015136788,San Jose
101043866026956183530,San Jose
101059587645347048555,Santa Clara
101061663481225974736,San Jose
101069279369638337429,Mountain View
101083772844111125268,San Jose
101101919614907272871,Campbell
101111330951237415604,San Jose
101114412535775356794,San Jose
101114690982214184175,Mountain View
101119721946511392852,San Jose
101130787133617381154,San Jose
101137877752321647728,Mountain View
101140917159743762968,Santa Clara
101144207226978564467,San Jose
101147706118471884534,Palo Alto
101149790069455088279,Mountain View
101154375704799463189,Los Gatos
101159417587770375686,San Jose
101184140247894341459,San Jose
101218876614051635823,San Jose
101227362226546682158,San Jose
101235148853940533940,Morgan Hill
101242295290268150473,Palo Alto
101246387263333071454,Mountain View
101249335658120600276,Los Gatos
101258509127040887142,San Jose
101263326746770793795,San Jose
101267330000234624562,San Jose
101272653916063274154,Sunnyvale
101273128269974442121,Campbell
101275086786953607532,San Jose
101278409346784709482,Santa Clara
101289614731027065789,Mountain View
101291738483018179638,San Jose
101297831598246252608,San Jose
101306069600849844261,San Jose
101314437011034226833,San Jose
101316578185075840605,Morgan Hill
101334686671435632449,Cupertino
101345352381033116572,Palo Alto
101363260745603322896,Santa Clara
101381364552289643538,Los Gatos
101388549887339352783,San Jose
101404945979636371198,Los Gatos
101412577799286792127,Santa Clara
101413910070163733438,Mountain View
101418155492770700012,Mountain View
101421590513982021375,Sunnyvale
101423489640553833870,Gilroy
101425524124554121155,San Jose
101439015981983924557,Santa Clara
101439507140299883643,Mountain View
101447570370849833794,Sunnyvale
101468640463983799609,San Jose
101476957236690990255,Sunnyvale
101501294230020638079,Mountain View
101503171018433189315,Gilroy
101513206252031905146,Santa Clara
101535386532998573054,Palo Alto
101537356159371545604,San Jose
101539796596325728585,Mountain View
101542227347344215465,San Jose
101548457965940376344,San Jose
101562339624801585321,Sunnyvale
101565427136431573657,Sunnyvale
101574591334133709786,San Jose
101580695859437902512,Sunnyvale
101587554942028870707,Sunnyvale
101589197151249557670,Santa Clara
101601103206841957197,Santa Clara
101615768204519204567,San Jose
101631428573249701842,San Jose
101631599863125281042,San Jose
101634508187479410737,Mountain View
101635547091110345113,Mountain View
101643527750352683677,Palo Alto
101643787575483352560,San Jose
101644941144217550919,San Jose
101654133421414736506,Mountain View
101655883364052009342,San Jose
101662128919288834356,San Jose
101669526010612170436,Palo Alto
101671289601408230081,San Jose
101675165574379935649,Los Gatos
101685141807923410108,San Jose
101686790412224089996,Palo Alto
101692328734849111555,Sunnyvale 
101701576124647463619,Sunnyvale
101706796337240296459,San Jose
101712066129154651641,Mountain View
101721068121187041582,Mountain View
101722116818959280775,Santa Clara
101724311712617000506,San Jose
101745013660055644732,Mountain View
101760671061487958661,Sunnyvale
101771960863265041828,Mountain View
101782628495867622093,San Jose
101790530636842186724,Palo Alto
101826426767266587398,Sunnyvale
101833007570444828959,San Jose
101849770087303795211,Sunnyvale
101857918459147955013,Palo Alto
101880983101042867189,Santa Clara
101888088652157354149,Mountain View
101888488122919673571,San Jose
101889210072502015703,Palo Alto
101891414812533472894,San Jose
101894625624587952198,San Jose
101902654707576449053,San Jose
101904148261197340180,Mountain View
101912023399837867403,San Jose
101912470049739212268,San Jose
101912606245831153146,Los Gatos
101922533902966159024,San Jose
101932907608280169757,Palo Alto
101936143408243705319,San Jose
101940529244872601609,San Jose
101946853201602031580,Mountain View
101953659294060773040,San Jose
101960119486044744170,Gilroy
101964278188299427609,San Jose
101970514537631192165,Sunnyvale
101971062221441256392,Santa Clara
101975153326598871119,Mountain View
102003081092905206075,Mountain View
102005854183161760827,San Jose
102006041696090786322,San Jose
102008089155038201910,San Jose
102034299697705722259,San Jose
102041094542153376492,Cupertino
102043690518292143739,Santa Clara
102053381273068034374,Palo Alto
102070112870647628906,Campbell
102072939298562507805,San Jose
102084475383080092476,Santa Clara
102091247470387610526,San Jose
102093037435587879736,San Jose
102103713241178065389,Mountain View
102106633029414435607,San Jose
102107393060747225570,Mountain View
102108716629651647725,San Jose
102109655212008003632,Morgan Hill
102148627622743342372,Santa Clara
102150202331787376597,Mountain View
102150926254568584415,Campbell
102156294793798027662,San Jose
102171006350761704792,Sunnyvale
102182008006879142217,Sunnyvale
102201014704458055109,Mountain View
102233141423042023539,Palo Alto
102243861148042421586,San Jose
102252946266413226175,Mountain View
102260781077586260639,Mountain View
102263322092818205960,Santa Clara
102264628895681656981,Santa Clara
102265719388062605115,San Jose
102278042901887911558,Saratoga
102287171325943092925,San Jose
102312302790582598288,Mountain View
102330991499069989646,Morgan Hill
102334718579063421175,San Jose
102341590493658551134,San Jose
102345534186126041144,Mountain View
102350764023934601952,Mountain View
102351114771677804719,San Jose
102359498629555093925,Mountain View
102372880634617104009,Mountain View
102383520607011129373,San Jose
102385696201614840807,Mountain View
102386116509512968476,Mountain View
102395534726882462296,Palo Alto
102396270974367734136,Santa Clara
102396425347268813892,Palo Alto
102402169683966046141,San Jose
102403365954382158684,San Jose
102409471693094912741,San Jose
102413271284583047049,San Jose
102420654211388696572,Mountain View
102431025294552761076,Mountain View
102432650279351051243,San Jose
102440978574777816441,Sunnyvale
102451193315916178828,Mountain View
102451489867734034367,Sunnyvale
102452603552314336305,Santa Clara
102460761028900882581,San Jose
102467586774827271291,San Jose
102485801299533417832,Palo Alto
102499316741761310523,Cupertino
102501455893380068509,San Jose
102525019752788102270,Morgan Hill
102525570603633418703,San Jose
102530860396920854949,Santa Clara
102534878642400782115,Palo Alto
102535817591750515402,Mountain View
102538905206519918173,Mountain View
102549337404707035983,Sunnyvale
102565788041265981867,San Jose
102567821515653966330,Sunnyvale
102570108014705788128,San Jose
102580869952229317490,San Jose
102584429960265292502,Mountain View
102601106068419072663,Mountain View
102604143312905944954,Santa Clara
102616661127638011148,San Jose 
102622379518622774227,Palo Alto
102633037393674620951,Mountain View
102635553202577655396,San Jose
102648148748642147788,Mountain View
102648536675865841964,San Jose
102650876960321607813,Los Altos
102662287832525728128,San Jose
102662465838717322484,Mountain View
102662895307627441812,San Jose
102676419541458075302,Santa Clara
102686990711164463557,Saratoga
102691162710074076711,San Jose
102701579556987127218,Sunnyvale
102702709436702003397,Santa Clara
102725109790365996602,Palo Alto
102726639982546743803,Mountain View
102766904556056700930,Santa Clara
102771620194686863432,San Jose
102772174072519452147,San Jose
102790216905840154054,San Jose
102798878313529372410,San Jose
102799537074173553922,Santa Clara
102817996502246042660,Mountain View
102818655270952455333,San Jose
102837845875216819095,Mountain View
102846632548369254361,San Jose
102848762362933917561,Saratoga
102856393868355026699,San Jose
102870151225178611879,Campbell
102872254180325064071,San Jose
102873735039005886878,Santa Clara
102886890928048461197,Mountain View
102897284842329873491,Mountain View
102899704158031435579,Cupertino
102903079132140835966,Mountain View
102903417098166598961,San Jose
102908251316571764879,Sunnyvale
102908573008033003167,Mountain View
102919066827015636503,Mountain View
102927391399644954756,Gilroy
102933691070445172933,San Jose
102939895971220280948,Saratoga
102941733332399423853,San Jose
102943833957664562797,Mountain View
102953750893205974554,Mountain View
102957003099023377521,Palo Alto
102964973553093254804,Mountain View
102970873779566311131,San Jose
102975202002034831275,Palo Alto
102977181734182508728,Gilroy
102977830574429705020,Los Gatos
102979995481498428560,Santa Clara
102984121671504309428,San Jose
102986008257719646832,San Jose
103000811369607613407,Campbell
103010824366947087578,San Jose
103016187540331884950,San Jose
103018106347008587167,Los Altos
103022570094091940058,San Jose
103022817021170264252,Santa Clara
103022818957886913622,Gilroy
103023434712821822475,Milpitas
103048703815036056325,San Jose
103052953154288027074,Mountain View
103053013620105950083,San Jose
103054987031117291432,Campbell
103063930049267157599,San Jose
103073491679741548297,Palo Alto
103086538892067696779,San Jose
103104079397182944597,Mountain View
103110853227545467372,San Jose
103113612131179883827,Sunnyvale
103115464542679395301,Cupertino
103116662508889780280,San Jose
103132908536693415051,Palo Alto
103139845239231992912,Palo Alto
103146292836298123518,Los Altos
103159038258888805788,San Jose
103180209120547476737,Cupertino
103187811501549637508,Sunnyvale
103201457792209287286,Los Gatos
103204397792168249151,Sunnyvale
103240247640339476615,Mountain View
103253073615307337702,Sunnyvale
103253417842130417839,Mountain View
103255900839613998267,San Jose
103279530278747207914,San Jose
103286608250694013489,San Jose
103293832211164757839,San Jose
103300363750121441954,Mountain View
103301008683592593687,Los Altos
103307881531051272174,Cupertino
103308582162438790993,Sunnyvale
103322096164320811619,Palo Alto
103328780642784170404,Campbell
103329761043692640682,San Jose
103335004405992000119,San Jose
103338363790893534245,San Jose
103361795253127496096,Los Gatos
103368209379807827198,San Jose
103391239446673461028,San Jose
103393615353113579978,Los Gatos
103430808125397993186,Palo Alto
103434057344076654355,Mountain View
103436307995345678639,Mountain View
103438332263642514693,San Jose
103463638892924444568,Morgan Hill
103469210394974380737,Mountain View
103475585252164199913,Mountain View
103483285267138850212,San Jose
103491258445207125434,San Jose
103493917773604532264,San Jose
103522039118349401491,San Jose
103522191271754853617,Mountain View
103523088620327024215,Sunnyvale
103526364351481100515,Gilroy
103538298566249233853,Los Gatos
103544631006741911137,San Jose
103549989057569045838,Mountain View
103561532196838098840,San Jose
103582214929409926296,Mountain View
103589662732619576817,San Jose
103591162764281041523,Sunnyvale
103594734078090593089,Cupertino
103595035354888977038,San Jose
103610497023741729370,Santa Clara
103615286126064465067,Campbell
103615643667665829587,San Jose
103616982826996546386,Sunnyvale
103617026666842952568,Santa Clara
103630387222880212398,Cupertino
103644947159586437284,Morgan Hill
103646908782123783418,San Jose
103651031798446567094,Santa Clara
103663311403140102799,San Jose
103672594727211623840,San Jose
103680227863448943693,Gilroy
103688405513400260462,Mountain View
103691389133860492858,Mountain View
103699246387620043405,San Jose
103722630985576669446,San Jose
103730024173906426739,Mountain View
103737211115630462581,Sunnyvale
103761486492790758399,San Jose
103772137930459967801,San Jose
103772301526352100970,San Jose
103772883145285066671,Milpitas
103774401952723835695,San Jose
103799964238817492395,Mountain View
103805474620981626511,San Jose
103809895066809270880,Sunnyvale
103811686658992731712,Campbell
103818994102066891698,Cupertino
103835876288653448735,Cupertino
103840131169253354981,San Jose
103840227216367462548,Los Gatos
103857298352152931604,Sunnyvale
103860818701625518603,San Jose
103863329462831863985,Mountain View
103887845752641547884,Mountain View
103891832733507561951,San Jose
103893121301860269944,San Jose
103895612269625106940,San Jose
103909552593199985557,Mountain View
103910216579365791160,Campbell
103919540651881142017,Mountain View
103927824015892475666,Saratoga
103929517931449536128,San Jose
103946905111065297496,Santa Clara
103947316759724119751,San Jose
103947836466033012521,Mountain View
103958383796502826946,Saratoga
103966858430996348462,Los Altos
103982070049028074109,San Jose
103982514363530804821,Santa Clara
103992114291974390176,Santa Clara
104012948245266998396,San Jose
104027391625863742263,Mountain View
104038620313177595145,Mountain View
104041241690396483524,Palo Alto
104049263899609220762,San Jose
104059642034352407871,Sunnyvale
104064623460015726488,Sunnyvale
104065746404104536420,San Jose
104067721748855924727,Sunnyvale
104096170093947035662,Sunnyvale
104105873388459312441,Sunnyvale
104115233137932847564,Los Gatos
104117417537179283886,San Jose
104124326262942476641,San Jose
104133448645989267087,San Jose
104145178994489994915,Campbell
104154886204131064858,San Jose
104160805348522806329,Campbell
104161697972605523861,Sunnyvale
104174830201697072604,San Jose
104182874366116578695,San Jose
104195755160213461582,Mountain View
104197855475683514253,Sunnyvale
104215248472509838474,San Jose
104216915830118920228,Mountain View
104221257931660993723,San Jose
104221634390111541808,Mountain View
104233346412918793542,Campbell
104236213870410269849,Santa Clara
104257898121542568651,Sunnyvale
104258200624614410590,San Jose
104258414335230045136,San Jose
104270775783009932881,Mountain View
104283706339493968099,Mountain View
104298694352194582460,Santa Clara
104308322016887323049,San Jose
104313839510492224546,San Jose
104315209831355087402,San Jose
104341829875833619055,Sunnyvale
104348235682884550941,San Jose
104355822316552978731,Santa Clara
104362169044492956343,San Jose
104365350493623062534,San Jose
104380587084747819098,Mountain View
104381067216264823783,San Jose
104381190160255603587,Mountain View
104383113257832538591,Mountain View
104402386890161186206,Los Gatos
104410235468932432659,San Jose
104412641405478127168,Santa Clara
104414615497217351500,Palo Alto
104424372771907989380,San Jose
104435082618104157597,San Jose
104448871532735609217,San Jose
104450667924979918462,San Jose
104459422021222038930,Mountain View
104462775750006582452,Campbell
104466473723220875120,San Jose
104469793111570979283,Sunnyvale
104477463842311984486,Cupertino
104481823512498213721,San Jose
104485234683950945133,Sunnyvale
104489736819256904474,San Jose
104493809031638204696,Campbell
104504012230321776411,Mountain View
104514215024130907926,Sunnyvale
104514993729312332832,Mountain View
104515281538207434831,San Jose
104535866546798318016,San Jose
104545546470427905942,San Jose
104547692328333932021,Santa Clara
104554340160383610397,San Jose
104560940132091233540,Cupertino
104569965524162858054,San Jose
104588126304399049255,San Jose
104590679115373204864,Campbell
104600278106130078543,Milpitas
104609324328692367680,Saratoga
104617833000421098021,Sunnyvale
104626770785698767711,Sunnyvale
104632457093071492395,San Jose
104649503945598973602,Palo Alto
104653461938409998253,Palo Alto
104653836947055045794,San Jose
104654239086222617029,San Jose
104656557932396673165,San Jose
104671438734702118902,San Jose
104676685610865620877,San Jose
104677627534858440637,Sunnyvale
104690083854972467438,Mountain View
104692411875269101679,Sunnyvale
104699810500525114828,Mountain View
104700176487538967501,San Jose
104707472500772081986,Santa Clara
104714903353159990739,Santa Clara
104720054849847206277,San Jose
104724274357746831061,San Jose
104727718422077227100,Palo Alto
104729726031498670481,Los Gatos
104730335601801306782,San Jose
104736463265494342886,Sunnyvale
104742614037186392793,Palo Alto
104744871076396904202,Los Gatos
104756861843949762739,San Jose
104757489703244452560,San Jose
104761730065537020636,Cupertino
104768542470009091531,Los Altos
104779744227830914641,San Jose
104798097088752567286,Los Altos
104799655427851314559,San Jose
104802472625505195354,San Jose
104805219551621965160,Palo Alto
104808328655777075682,San Jose
104808779804945796370,San Jose
104808787299055319384,San Jose
104809078796105937257,Sunnyvale
104816218264822479742,Palo Alto
104822148447769571820,Mountain View
104827539582427493315,San Jose
104848517089540637231,Mountain View
104854606503751959975,Mountain View
104860207898115479179,Cupertino
104865210632594042799,Mountain View
104869336161692909932,Cupertino
104871113713923058972,Palo Alto
104874619380152652392,Mountain View
104882585213189292801,Mountain View
104882952520347301749,Mountain View
104885070271037380646,Mountain View
104892551897642726977,San Jose
104896537673470410734,Mountain View
104903895914396893235,Los Altos
104908340805164656895,Santa Clara
104913278000622813462,San Jose
104913948016445309809,Sunnyvale
104917736890891383144,Mountain View
104922030939848932494,San Jose
104924939585021190517,San Jose
104934317807167850246,Santa Clara
104934956617010277052,Palo Alto
104942635482871856730,San Jose
104954577593392929036,Palo Alto
104965485201595394335,Los Gatos
104966979986574497517,Santa Clara
104969936976207115639,Cupertino
104972554943502043029,San Jose
104973077038050828162,Mountain View
104973640991669156931,San Jose
104983861770891883443,San Jose
104999923490818138573,Santa Clara
105007636339470618523,Mountain View
105007978003812028840,San Jose
105010626175440780401,Milpitas
105022237091991065530,Mountain View
105050117605857775783,San Jose
105065558846775182864,Los Altos
105069424007957267204,Los Gatos
105079613344216566986,Sunnyvale
105088932881523812789,Mountain View
105096271979626700004,San Jose
105101488180175019781,Milpitas
105101740180124477105,Santa Clara
105105021056355039264,Palo Alto
105109949610688806837,San Jose
105110541607326329453,Mountain View
105114464541665786750,Palo Alto
105115240949085911346,Sunnyvale
105121635714017553750,San Jose
105123633206271024986,Cupertino
105124830376072889607,San Jose
105126312267915112280,Santa Clara
105138556968196911698,Palo Alto
105143879306609498815,Mountain View
105152503384268783597,Los Altos Hills
105158906459228618120,Gilroy
105171200303491843950,San Jose
105188006326758200253,Palo Alto
105191469350011234484,Palo Alto
105197869658564602744,San Jose
105229597069891952213,Morgan Hill
105229686595945792364,Santa Clara
105261904717533854027,San Jose
105263585893976393042,San Jose
105273608019895365111,Mountain View
105279197618750104369,Campbell
105280235869656865291,San Jose
105282549926577948262,Mountain View
105290226622485788994,San Jose
105300298668314022855,Mountain View
105305534631287472457,San Jose
105313398500126288610,Palo Alto
105313683921983250964,San Jose
105324118345293600181,Milpitas
105325221414180572239,San Jose
105328638488503423698,San Jose
105330516239590931670,Mountain View
105332917839725645173,San Jose
105338885055199722148,Mountain View
105350543903875286993,San Jose
105354093605110988357,San Jose
105390100105302533458,San Jose
105395848549113665929,Campbell
105398903566215134907,San Jose
105400414072790624253,Palo Alto
105401119527734619979,San Jose
105409773653508395187,Palo Alto
105413272837588853887,San Jose
105426025211020326609,Santa Clara
105431853163089795769,Mountain View
105433835119414296278,San Jose
105449501432597042119,Sunnyvale
105458162626970854181,San Jose
105466407629752817613,Palo Alto
105472928056242009242,San Jose
105473223265010803457,San Jose
105503747337707752390,Morgan Hill
105520257287760182944,San Jose
105524775690439706900,San Jose
105529381445332013401,Milpitas
105540241924141497089,Mountain View
105551989431666449555,Mountain View
105556120523083738641,Los Gatos
105564907817287466109,San Jose
105568891896536880306,San Jose
105569462731896305770,Santa Clara
105569550671492113769,Mountain View
105572094064062705467,Palo Alto
105574411401507562672,Santa Clara
105574780415003278667,Palo Alto
105575760656035574508,San Jose
105580508742467991796,Milpitas
105593551805422072784,San Jose
105610845038147350711,Los Gatos
105615444551220058465,Santa Clara
105630279269468801276,San Jose
105630962614952296272,Palo Alto
105635174281176940084,San Jose
105648389636633442882,San Jose
105669222902618666871,San Jose
105676108062355313421,San Jose
105685540212087364666,Gilroy
105685937450546649013,San Jose
105690352674741095718,San Jose
105693381346089696083,San Jose
105701581579526554093,San Jose
105703818675148426227,Campbell
105707755202249052492,San Jose
105711296989975901212,San Jose
105712386542755523768,Sunnyvale
105727149606144433214,San Jose
105739237097428973694,San Jose
105740237049929602069,Palo Alto
105744581782476735869,Santa Clara
105759078102304666249,Saratoga
105767850549153155012,Mountain View
105770007383968425606,San Jose
105770588698764777160,Gilroy
105773409984640259683,Palo Alto
105780351382993712893,San Jose
105782159775394806605,San Jose
105783114257992168178,San Jose
105800101056138316864,Sunnyvale
105811061202811271566,San Jose
105811520362459094714,Mountain View
105816596842355285947,Sunnyvale
105824093931213338590,San Jose
105845792043069996236,Mountain View
105849592911662199108,Mountain View
105856893525226965244,Morgan Hill
105858472216933901197,San Jose
105884464732634503883,Sunnyvale
105890762242996136060,Santa Clara
105892329353559129582,Sunnyvale
105895284429819895874,Campbell
105905158111391465641,Sunnyvale
105913218756655158874,Palo Alto
105921851916002471427,San Jose
105922781630502136037,Mountain View
105957731672215690831,Sunnyvale
105962404142262878272,Cupertino
105963953612957324579,Los Gatos
105964680776030083402,San Jose
106001176425596869303,Mountain View
106019173905033354811,Palo Alto
106023879253210476271,Palo Alto
106031767243339801807,San Jose
106033445839205650707,East Palo Alto
106045408857348219716,San Jose
106052685919813397554,San Jose
106061660130098778874,Mountain View
106075328799564761493,San Jose
106081249010701328469,San Jose
106087864069384374588,San Jose
106100119260844801272,Mountain View
106101436345762599277,Mountain View
106109059198617350567,Mountain View
106117272064805997348,San Jose
106121133258744259554,Palo Alto
106124035138283855437,Palo Alto
106125341872508662010,Santa Clara
106130274515526430207,San Jose
106132136989360284442,Mountain View
106157643510146336178,Sunnyvale
106160758363736903932,Santa Clara
106166025131044608149,Los Altos
106166511635197232940,Sunnyvale
106170007398343783796,San Jose
106190501618728267450,San Jose
106193411422929911676,Santa Clara
106197050963382504985,Mountain View
106204353666768586089,San Jose
106216845936271117297,Mountain View
106218141237612883112,San Jose
106226941420364887072,Sunnyvale
106230060317710940798,San Jose
106263429340951021522,Gilroy
106264645452553839435,Sunnyvale
106267697429298427656,Los Gatos
106270592803671218688,Santa Clara
106281558522942737082,San Jose
106321928044266160535,San Jose
106334976696723778282,San Jose
106336529128528457367,San Jose
106339346729092667998,San Jose
106343217523422240575,San Jose
106348266062486861608,Sunnyvale
106350927893653099814,San Jose
106352587393065671032,Saratoga
106375266620508099787,Sunnyvale
106377418887701486151,San Jose
106382615954686484774,Los Gatos
106392870707063702858,San Jose
106393133512994090902,San Jose
106439375222390681651,Los Altos
106458452523190869772,San Jose
106475547930749445361,Sunnyvale
106495967860350687284,San Jose
106508277977732892398,Mountain View
106511577338536738460,Palo Alto
106521065682069005360,Cupertino
106526544201858033100,San Jose
106528103954793102526,Sunnyvale
106533248943352121512,San Jose
106536926428094498741,San Jose
106541104523564418424,Santa Clara
106553445867406214299,Sunnyvale
106567556213902611873,Santa Clara
106578439253647991796,San Jose
106586129309955180092,San Jose
106587101791064367906,San Jose
106589071561630078484,San Jose
106607115679995028975,Sunnyvale
106615161615948784154,San Jose
106626801258696700254,Palo Alto
106637478580390822815,Los Gatos
106656747961780456419,Mountain View
106661020174692398064,San Jose
106662250609863777751,San Jose
106668593845162242444,Cupertino
106672975906534147166,Milpitas
106678764278880040712,Mountain View
106683995583034921125,San Jose
106692393222625544452,Mountain View
106697712966010863908,Mountain View
106713080782828490357,San Jose
106724738821826415070,San Jose
106727754554359624509,Sunnyvale
106751019653678370170,Santa Clara
106764161491274312128,San Jose
106765285801528959039,San Jose
106772431363762017311,San Jose
106778760826544658687,Sunnyvale
106789452866142162101,Mountain View
106795473277276094346,San Jose
106802076326785409646,San Jose
106821471524504434523,San Jose
106824119329564931743,Sunnyvale
106824364746645944371,Mountain View
106825171914368756519,Sunnyvale
106829371981554016822,Sunnyvale
106832345570581288964,Sunnyvale
106836225652225193606,Santa Clara
106840555261132057390,Mountain View
106840581685558577500,Sunnyvale
106857325555899603709,Mountain View
106864433091104717530,Sunnyvale
106868147774599813593,Santa Clara
106877341806365071640,Santa Clara
106884369207685484998,Saratoga
106886330508047639371,Sunnyvale
106908246447795466728,Sunnyvale
106909933831096444694,Campbell
106929642909450061467,Sunnyvale
106931250641058165853,San Jose
106931384843468846190,Mountain View
106933876583173125440,San Jose
106937738532516849284,San Jose
106945431704547399080,Cupertino
106948676867072778486,San Jose
106977482872067777768,Mountain View
106978210005130058942,San Jose
106984752238426375901,San Jose
106989289598356780732,San Jose
106993507192822241897,San Jose
107012123025359185719,San Jose
107027907085433575693,Santa Clara
107029192067560465292,Sunnyvale
107030543971295411253,Santa Clara
107045202332269198902,Sunnyvale
107055516552839039626,Cupertino
107061515147137206132,Sunnyvale
107063075720054968728,San Jose
107075896252086725980,Sunnyvale
107078801004302550966,Sunnyvale
107109264342233150894,Morgan Hill
107117483540235115863,Mountain View
107121164675465814878,Morgan Hill
107125408206283641202,San Jose
107126069776673918579,Cupertino
107126620940916804961,Campbell
107130008807275097394,Mountain View
107135024217035950694,Mountain View
107137600205449431195,Sunnyvale
107158126541683330753,Los Altos
107159360273366707516,Santa Clara
107160369117904739944,San Jose
107173589314018541054,Santa Clara
107182282357153463637,Mountain View
107186773348517920221,San Jose
107198098128745347601,Sunnyvale
107214384909162930326,Sunnyvale
107216922068036710320,Cupertino
107217717240199065699,Mountain View
107219357249420222884,Palo Alto
107243246582435986801,Mountain View
107244235697657472916,Campbell
107245733330578632516,Campbell
107246491378159857696,San Jose
107248332519876350153,Santa Clara
107248344735184553328,Mountain View
107255882605460849804,Sunnyvale
107257991495847009072,San Jose
107258203120172191987,Sunnyvale
107275527308962586528,San Jose
107277502991696112793,Milpitas
107280361521378130316,San Jose
107280367764789970468,Los Altos
107288611993847250075,Santa Clara
107290324397908716387,Mountain View
107300794879275733431,Los Altos
107307746336936110291,Sunnyvale
107311957663032857007,Cupertino
107311999780236720315,San Jose
107312120756566866066,San Jose
107313438606155764961,San Jose
107331214744034034984,Saratoga
107335828917766479174,Los Gatos
107351690170136615394,Cupertino
107385622778582010865,San Jose
107390715975371846124,Santa Clara
107391292380194597157,Mountain View
107394061315422223486,Campbell
107400456582550789636,San Jose
107401256167375459961,Santa Clara
107439330690187893199,Sunnyvale
107442670379873274735,San Jose
107447059918137032967,San Jose
107460554725372431163,Mountain View
107469149343429875826,San Jose
107470564376981238110,Mountain View
107476672209661099821,Sunnyvale
107480115598475222080,Santa Clara
107485298679911448055,San Jose
107490471498563349092,Los Gatos
107500900004082070976,Mountain View
107501998117997873641,Sunnyvale
107507340798553782724,San Jose
107507461232651774144,Cupertino
107531401684548924851,Sunnyvale
107540638333054762391,Palo Alto
107545781092968992726,San Jose
107551138159247283326,San Jose
107554299872394508094,San Jose
107561425828239226343,San Jose
107562852116793589182,Mountain View
107564210379910017972,San Jose
107566293954623583949,San Jose
107567243507365726103,Los Gatos
107568644662990432400,San Jose
107569244789704639165,Santa Clara
107571542191096310345,San Jose
107572858633614667066,San Jose
107573599579897472849,Sunnyvale
107575995206266165405,San Jose
107579228594733401957,Sunnyvale
107584390553799801997,Santa Clara
107590607834908463472,Mountain View
107593032951095231993,Mountain View
107595422111708683950,San Jose
107602159917454913858,San Jose
107602882044753150398,Palo Alto
107603097631700234118,San Jose
107619906371620400223,Campbell
107622126531445285220,San Jose
107631181588992136739,Gilroy
107634278594751604219,Santa Clara
107645136609392780194,Sunnyvale
107646185313014687287,San Jose
107654866980568135904,Palo Alto
107676600017158214318,Santa Clara
107678443492375452985,San Jose
107701905796649560428,Sunnyvale
107707292097887069775,San Jose
107714731807262458132,Santa Clara
107728190523634611351,Palo Alto
107732802446301744236,Cupertino
107737001095552672403,Santa Clara
107738851831842967408,Sunnyvale
107756440501850840371,San Jose
107765279162479699327,East Palo Alto
107786979071481311734,Sunnyvale
107789322672959925053,San Jose
107811487297972224316,Santa Clara
107817508549304296063,San Jose
107821252601800226708,San Jose
107821629988530872935,Sunnyvale
107821728125319810703,Mountain View
107856096680026035762,San Jose
107858471191664754720,San Jose
107864079962516014502,Palo Alto
107875679361771806014,Mountain View
107876795776188306910,San Jose
107881126263595215255,Los Gatos
107894561424323704515,Mountain View
107895458624100917179,Palo Alto
107902660225752988108,Palo Alto
107919710798381451079,San Jose
107941898037809507585,Morgan Hill
107945942495841254828,Los Gatos
107968783541319464850,Mountain View
107970019180630435486,Mountain View
107972011995067280382,San Jose
107985698250809224529,Campbell
107994679507690052407,Cupertino
108030325771614004712,San Jose
108041198912856898360,Santa Clara
108045202417744881450,Santa Clara
108052944302504659590,San Jose
108057855442877325219,San Jose
108063798931342916177,Milpitas
108084042728005234193,Palo Alto
108085480939817321384,Sunnyvale
108094452627037140721,San Jose
108100781439327362862,San Jose
108103383007926641412,Mountain View
108105899374710072086,San Jose
108110726072134508400,San Jose
108126138363566834651,San Jose
108130770451411100746,Santa Clara
108136742853374138209,Palo Alto
108143914717210254978,Palo Alto
108149699412862272917,San Jose
108154777863972620421,Sunnyvale
108159920487426481642,Sunnyvale
108172277232154521000,San Jose
108174337332785198784,Saratoga
108190250734438725918,Sunnyvale
108195804852688365593,San Jose
108205325605957677761,San Jose
108220995500123809829,Milpitas
108223979949770992494,San Jose
108228920550496655772,San Jose
108232420687924823138,San Jose
108233754261034636309,San Jose
108240851375674070640,Sunnyvale
108279006941708102280,Palo Alto
108287656257761891042,San Jose
108287953834184016926,San Jose
108291184561036329577,Sunnyvale
108299822730288388754,San Jose
108310405463322259814,Sunnyvale
108313103337453128577,Mountain View
108319174490929098952,Mountain View
108322820147929690986,San Jose
108348186563950629571,Mountain View
108351113250814530301,Gilroy 
108357197227897074077,San Jose
108366528806227753330,Los Altos
108372758751142461064,Cupertino
108391054203199197591,Palo Alto
108394399706287777104,Los Gatos
108404117974127855083,Mountain View
108416119375918091837,East Palo Alto
108420926260926786634,San Jose
108430678066988816876,Sunnyvale
108431974445601257790,San Jose
108441070615802637586,San Jose
108443388795341954102,Sunnyvale
108454075817817087078,Mountain View
108462788172041275941,Gilroy
108467355638918157109,San Jose
108471117622415552414,San Jose
108480853986905348693,Morgan Hill
108481339150493069114,San Jose
108481523863426080819,Sunnyvale
108495055033828983511,Sunnyvale
108505659235842614950,Mountain View
108518214878756234740,San Jose
108525584908225993917,San Jose
108525929499785557624,San Jose
108526365131194237973,Saratoga
108531925805700065961,San Jose
108535436545833661172,Santa Clara
108536871022955878366,Sunnyvale
108541497785634491568,Palo Alto
108553081529102841135,Santa Clara
108554161566506036393,Gilroy
108555879849275235982,Palo Alto
108564372263202493958,San Jose
108581512155018265408,Mountain View
108583759525304902142,Milpitas
108595753229342491111,Mountain View
108600300311463473718,Mountain View
108609219349604504501,Mountain View
108629528244773025746,San Jose
108637477974399451867,Mountain View
108645703906660395739,Mountain View
108674618105198746096,Los Gatos
108688277797182535768,San Jose
108690180875615647168,San Jose
108714208787275952031,San Jose
108716058297811205923,San Jose
108717370143737440915,San Jose
108719350832099964501,Mountain View
108723596340082219264,Palo Alto
108727649287838037051,San Jose
108736315097845207807,Palo Alto
108736434188460708927,San Jose
108739841033762106870,San Jose
108745207102515830214,San Jose
108748273706970780097,Palo Alto
108754431355079322530,Mountain View
108760566394507514090,San Jose
108766607049970058338,San Jose
108769835378063507283,Santa Clara
108778179596092603191,San Jose
108790128306840579066,Mountain View
108794513874556947193,San Jose
108805253717930881949,San Jose
108806641915234839731,Mountain View
108809138166427283452,San Jose
108809311304225107604,San Jose
108816356249486757125,Sunnyvale
108867248491119100550,Santa Clara
108878594978592555317,San Jose
108888149790865496187,Santa Clara
108893444686991449860,Mountain View
108894433805493727121,Palo Alto
108900458545685455779,Palo Alto
108929158275470141407,Palo Alto
108934051100930671040,Mountain View 
108934194498948311692,Mountain View
108940930504890222815,San Jose
108949294104910103527,Santa Clara
108951746144495973403,Cupertino
108955386954656492350,Santa Clara
108973694724011132221,Mountain View
108987270830682592878,Sunnyvale
109000562187304003481,San Jose
109004144793372239509,Palo Alto
109009408058045665875,San Jose
109010731978541202306,San Jose
109023616485988825538,Mountain View
109029031595869699365,Sunnyvale
109039347073719428622,San Jose
109060896958753359021,Santa Clara
109067686442463326777,Mountain View
109068111448737628604,Campbell
109070282437641926636,Gilroy
109072435332370961533,Sunnyvale
109073567489307389054,San Jose
109076729539361991283,San Jose
109078684108024272470,Morgan Hill
109102662869077267885,San Jose
109105826230775415560,Santa Clara
109107813490260536679,Sunnyvale
109109712836030005353,San Jose
109121422279649840411,Mountain View
109128018196677393699,Mountain View
109130932502535286138,Campbell
109137386411375730177,Campbell
109152987164758223678,San Jose
109154808618653516937,Mountain View
109161180552477483372,San Jose
109161890971316958945,Santa Clara
109165079514150618815,Santa Clara
109165911498913671402,San Jose
109173348832836992718,Santa Clara
109187491560395826329,San Jose 
109211525319153375840,Santa Clara
109217682034667088876,San Jose
109224736318502164881,Santa Clara
109229952707111619555,Palo Alto
109231517488819563639,San Jose
109233392079337224597,Santa Clara
109236147443378835016,Mountain View
109249644961735845421,San Jose
109252318302956917187,San Jose
109268564077124324572,Santa Clara
109271553791013587545,Santa Clara
109275224522692724003,San Jose
109287538868858693811,San Jose
109290820554964672958,Milpitas
109291600706627978112,San Jose
109291841344702721127,San Jose
109299226396295071875,San Jose
109312518585632669880,San Jose
109326062448776770859,Cupertino
109326311596264502242,Palo Alto
109331732476050013830,San Jose
109334093279685301158,Mountain View
109343288040597598057,Los Gatos
109379466318549137388,Milpitas
109380443971181362791,Palo Alto
109396213260631590940,San Jose
109402219100722141399,Milpitas
109402466767833845340,Campbell
109404935879138074245,Sunnyvale
109414162446376182759,San Jose
109420518008871182562,Mountain View
109430518928543199944,San Jose
109437279391102692897,Palo Alto
109437585878248683799,Sunnyvale
109439139821034363403,Palo Alto
109447183059037931488,San Jose
109467926853496245646,Mountain View
109471077600458505652,Mountain View
109495637282343014350,Sunnyvale
109503158532514922699,Sunnyvale
109524355870140010933,Mountain View
109530120245143163596,San Jose
109530725585436064857,San Jose
109538651044630059949,San Jose
109540868040745324284,Palo Alto
109546261080914274416,San Jose
109563464928930751396,Cupertino
109581870574956225297,San Jose
109605871856836656560,Los Altos
109607742024409578007,San Jose
109614579860728455022,Mountain View
109623071652452397977,Santa Clara
109625676041660032841,San Jose
109625887683636423923,Santa Clara
109627267881294698984,San Jose
109629228697962814254,Sunnyvale
109632549041511255331,San Jose
109637943394058791672,Mountain View
109641866943774207276,Palo Alto
109666561303539833042,Mountain View
109675005897656326963,San Jose
109678249549843035848,Palo Alto
109706893188426385304,San Jose
109712451619040885632,San Jose
109745894064669822230,Mountain View
109762628167309189190,Santa Clara
109765042476272323766,Santa Clara
109777140167685707123,San Jose
109781472324902458015,Mountain View
109786773712389351329,San Jose
109802130994731229966,Gilroy
109810542541080531317,Milpitas
109812627202815401025,Mountain View
109830749336809078338,Milpitas
109833915953202995140,San Jose
109843896640868426519,Mountain View
109853077574270077406,San Jose
109853750239729568966,Sunnyvale
109856574191834087490,San Jose
109859006563808331640,Santa Clara
109866800740615312576,Sunnyvale
109869975763453841747,Palo Alto
109876476358410893663,San Jose
109879843672609867790,San Jose
109889253856721097722,San Jose
109890850430878740511,San Jose
109898455107187349523,San Jose
109900826259806361582,San Jose
109901295579591502321,San Jose
109901297063140351005,San Jose
109906536302441993267,Palo Alto
109909935680879695595,Mountain View
109915049678410819681,San Jose
109915960584600909613,Saratoga
109930321212162489185,San Jose
109941228448228622240,San Jose
109942674989109342985,San Jose
109952571857962803143,Palo Alto
109962241886126301049,San Jose
109962609954551380038,Mountain View
109964574888766891810,Palo Alto
109971498992547598534,San Jose
109975117336442476260,Los Altos
109980783633809855345,San Jose
109982203889624872107,San Jose
109997630365609501858,San Jose
109997764741824121414,Mountain View
110008436501143705415,Sunnyvale
110015775015147586776,San Jose
110019519021917935327,San Jose
110023669453604960082,Palo Alto
110057619270054500477,Cupertino
110077449376048426474,San Jose
110082084049614908557,San Jose
110090887431080203596,Sunnyvale
110097112394638933674,San Jose
110098063328913364320,San Jose
110098197230760360109,Cupertino
110106090215456188202,San Jose
110118187844962712685,Morgan Hill
110126580432762407615,Palo Alto
110134906375588468537,Palo Alto
110150530080028803814,Santa Clara
110158103118813123146,San Jose
110158121372998137836,Cupertino
110159234728387891333,Sunnyvale
110172231601797300565,Milpitas
110175159369222131092,Campbell
110182822054658058036,San Jose
110190971630211627526,Los Altos
110193281041564536224,San Jose
110206514788843945062,Campbell
110207466526175069035,San Jose
110211369480652531887,San Jose
110215684413512570861,Sunnyvale
110226135405277903322,Sunnyvale
110227605417919786010,Mountain View
110245265831213470535,Mountain View
110255193504699698342,Palo Alto
110257056938932916977,Morgan Hill
110262205208523089664,Mountain View
110263856950145772036,Morgan Hill
110279066199887733584,Cupertino
110283396886183775814,San Jose
110312454639590427401,San Jose
110331173085707582095,San Jose
110356225635661572163,Santa Clara
110364142186882736725,San Jose
110401837791511169913,San Jose
110403549696240367140,San Jose
110406719939105364393,San Jose
110413118665006945082,San Jose
110417475055633989574,San Jose
110433212246749570441,San Jose
110447871875288333503,Mountain View
110448983428808361581,San Jose
110449419072584384740,Mountain View
110454982362631354013,San Jose
110455635562795772094,San Jose
110463391829821037631,Mountain View
110469479194678030695,Mountain View
110478834213957126523,Mountain View
110481341670781011323,Cupertino
110489378054638259645,San Jose
110494190777137950761,San Jose
110495879900240578398,Sunnyvale
110496848244311262991,Cupertino
110502359330310898543,San Jose
110513369879397029537,San Jose
110514240628172943346,Palo Alto
110514596932203321654,San Jose
110533811519891459959,San Jose
110554344789668969711,San Jose
110557228482012146162,San Jose
110558297169041190747,San Jose
110563789211679581171,Palo Alto
110564614899904594591,San Jose
110569550035634665923,Palo Alto
110576465607601930380,San Jose
110578261361989541546,San Jose
110585665945167032189,Campbell
110593127671073220440,San Jose
110595341261965409504,Mountain View
110601217888613689246,Sunnyvale
110627727430512763216,Saratoga
110638202592829896284,Sunnyvale
110653495088910372539,Santa Clara
110657195048440589014,San Jose
110657785603073564372,Morgan Hill
110668442455696904112,San Jose
110671849357796157509,Los Altos
110673028825404164306,San Jose
110679453757748778738,Mountain View
110685092277755961888,Santa Clara
110699812028782036901,Morgan Hill
110700443114165354014,Sunnyvale
110705972378727484990,Saratoga
110718390806939762481,Mountain View
110736465975817776905,San Jose
110745368448023427155,San Jose
110766063987077878626,Palo Alto
110769675482035300593,San Jose
110775475761717447281,San Jose
110776971190340897406,Sunnyvale
110789120794061006140,San Jose
110796000362949553654,San Jose
110818181959724496787,San Jose
110822095611073202979,Los Gatos
110825448406881400679,San Jose
110849704966597917580,Mountain View
110850535760860865984,Santa Clara
110860299900460184325,San Jose
110889120904007087821,San Jose
110891307255905847602,San Jose
110910469102066049842,Santa Clara
110912937542309589480,Santa Clara
110915662033887336873,Cupertino
110932611967632730885,Mountain View
110940299471237551739,Santa Clara
110940886972052706929,San Jose
110961996260776554488,Mountain View
110965718709614705923,Cupertino
110970813075692655521,San Jose
110971814269337622341,San Jose
110975237139262352491,Mountain View
110992036148386647119,Sunnyvale
110992344444057455498,Milpitas
110992720506076888295,Sunnyvale
111021168335312757194,San Jose
111033218438947652839,Sunnyvale
111036275428879931853,San Jose
111057920773662763186,San Jose
111064123150649948004,Sunnyvale
111070507606950462221,Mountain View
111076058455450188509,San Jose
111078104699844376504,Sunnyvale
111078899668145112369,San Jose
111084981612107801565,San Jose
111086436274184492529,Mountain View
111092952733443073264,San Jose
111106703431185058272,Gilroy
111109840481729718908,Mountain View
111112783534634008845,Santa Clara
111116543542033671074,San Jose
111117807586845996613,San Jose
111118003898929807809,Cupertino
111118149712944653321,Mountain View
111120767879868076090,Cupertino
111124720845806672491,Santa Clara
111131370528402492038,San Jose
111136874172201415723,Mountain View
111137031060700500043,Los Gatos
111137991013255623416,Los Altos
111139569550921176633,Mountain View
111146886010578771705,Morgan Hill
111163784658897396181,San Jose
111169963967137030210,Los Altos
111206940068436574916,Santa Clara
111229727187637642584,San Jose
111233919298889534743,Palo Alto
111246130295788770598,Mountain View
111268268653695673206,San Jose
111270252238725060318,San Jose
111270540192666136025,Santa Clara
111272619305540453295,San Jose
111274551958011926988,Mountain View
111278054950819332981,San Jose
111278681683477949525,San Jose
111290672267478599362,Mountain View
111305451054179524754,Santa Clara
111318951934088523165,San Jose
111354864077183254230,Milpitas
111356019710376457425,San Jose
111357101743259983077,San Jose
111358167472209209735,San Jose
111359182851034798426,San Jose
111365673641170193403,Mountain View
111367342846103794209,San Jose
111378467158096154615,Mountain View
111387070515390548496,San Jose
111398428044809254282,Sunnyvale
111401897967097745156,San Jose
111405926353665122411,Los Gatos
111411461428309609424,San Jose
111417433570146576892,Morgan Hill
111438023480975634700,Palo Alto
111451462223941675096,San Jose
111461453697830576377,San Jose
111469464193749538075,San Jose
111476929022304645805,San Jose
111486393386147099816,Santa Clara
111486817044656965578,Mountain View
111486949325334997435,San Jose
111490406635446289733,Los Altos
111499908439497508351,Mountain View
111503684411229181824,San Jose
111511494119269493750,San Jose
111555979736888115248,Sunnyvale
111556413301704372918,San Jose
111559446387111192344,Sunnyvale
111562060703058953426,Santa Clara
111569753897032276134,San Jose
111577412772676568791,Cupertino
111597152199094230305,San Jose
111599145095541708655,Santa Clara
111610936701693893165,San Jose
111611658884161718151,Saratoga
111616194027474939644,Sunnyvale
111628079378435745524,San Jose
111641966314146455848,San Jose
111659074256335976546,San Jose
111661307704228086081,Sunnyvale
111674584085793803265,Sunnyvale
111677501156323645537,Sunnyvale
111680537005847242168,Los Altos
111680727301841216536,Sunnyvale
111683130531274058894,San Jose
111700017160172272229,Los Altos
111703124687948696691,Santa Clara
111725482978592140282,San Jose
111729187205767146234,Palo Alto
111730300799632457559,Mountain View
111734755111264186032,San Jose
111745482220481456793,Santa Clara
111752645030557336208,San Jose
111759882098755035297,San Jose
111761166991656058444,Morgan Hill
111763024031178809193,San Jose
111767425198053172550,Santa Clara
111774408439524408947,San Jose
111776983865709023435,Morgan Hill
111788394668761989594,Campbell
111792842977090372854,Mountain View
111793923994511723900,Los Gatos
111797619679226812629,San Jose
111801592846234253331,Morgan Hill
111819079627293066651,Sunnyvale
111828375930913733705,Milpitas
111837307083191754071,San Jose
111843753257637454767,Sunnyvale
111844104740137381299,Gilroy
111844611359169429230,Los Gatos
111846015989392389181,Morgan Hills
111856720526420500491,San Jose
111861145980006092171,Santa Clara
111873138485014500666,Santa Clara
111879378351113283377,San Jose
111880182309939553117,San Jose
111880498169447150110,Palo Alto
111889538634319817045,San Jose
111889824769583146867,San Jose
111897254779032564755,Gilroy
111902435909328987615,Mountain View
111903669643791655654,San Jose
111910634479404861457,Morgan Hill
111919615570129484915,San Jose
111922607204704874131,San Jose
111926038762710513811,San Jose
111934477301664924518,Mountain View
111937447827665620879,San Jose
111940865346461880448,Los Altos
111942013287257520603,San Jose
111963979771363339443,San Jose
111965032186709439771,Sunnyvale
111969999488759535762,Mountain View
111973423818650321856,Sunnyvale
111975525134255603891,Sunnyvale
111995425832112314643,Sunnyvale
112003488454981569114,Palo Alto
112012679899611220434,San Jose
112014708462538464440,San Jose
112017999814837744812,Mountain View
112019396972136884237,Santa Clara
112020171976573371413,San Jose 
112020539041521829841,Cupertino
112022422739608666026,San Jose
112034031566238075051,Mountain View
112038050835115292610,San Jose
112038142620926664240,San Jose
112043244254751965898,San Jose
112044462810141605483,Gilroy
112052173778211806007,Sunnyvale
112059002498370536985,San Jose
112066745017997343065,San Jose
112074273055389395600,Palo Alto
112085339212221743431,Mountain View
112112802006961735022,San Jose
112115933066028408729,San Jose
112117906073099522199,San Jose
112128330987989488807,Mountain View
112134572582213810714,Mountain View
112146417720628842330,San Jose
112150993193976038826,Palo Alto
112173864717247099698,San Jose
112180430805010631366,Palo Alto
112182411363878127768,Mountain View
112209992990466060492,San Jose
112215419956676945525,Sunnyvale
112220616991367330922,San Jose
112222416800099361679,Mountain View
112230447107098168043,Los Gatos
112230630960248877686,San Jose
112244566236487924025,Sunnyvale
112246071540333729682,San Jose
112262595788196126021,Sunnyvale
112267854196798178226,Morgan Hill
112272113497575648786,Sunnyvale
112273820925157308841,San Jose
112273922738192608979,Sunnyvale
112282726155694300427,Sunnyvale
112283297457810584047,Sunnyvale
112283703830942943374,Cupertino
112288908908896049534,San Jose
112290724282112516749,San Jose
112295429880258077733,San Jose
112301262730170166554,Los Altos
112308997941906622403,San Jose
112320797602836214768,Mountain View
112335521849066557014,San Jose
112340476644924618450,San Jose
112346146750484283381,San Jose
112348451746373320028,San Jose
112350045532517029269,Mountain View
112382416465356910730,Los Gatos
112383258144670810699,San Jose
112394177067937140043,San Jose
112414030059146346659,San Jose
112419176680665374033,Los Gatos
112424349158301022163,Palo Alto
112429084544345595731,Sunnyvale
112438759704409709743,San Jose
112439678898563138768,Mountain View
112455356887510537398,Palo Alto
112458762142601833589,San Jose
112472450049544645995,Palo Alto
112479956288124219998,Morgan Hill
112484430810558634744,San Jose
112488883563946345220,Mountain View
112493869563255352335,Mountain View
112495879709417277159,San Jose
112499337348926318396,Sunnyvale
112499765649139021119,Saratoga
112510267480732776100,Mountain View
112514261375657129813,San Jose
112522325288763960107,San Jose
112540226618013533507,Saratoga
112547300039617501177,Mountain View
112550459752084612687,Sunnyvale
112557596008974583414,San Jose
112558246117709843437,Mountain View
112568869770374370935,Saratoga
112570007909687416400,San Jose
112576251220038948253,Mountain View
112576905768444103043,Cupertino
112581306496675306539,San Jose
112583000820388901872,San Jose
112589663457717959396,Sunnyvale
112619309040563555281,Santa Clara
112624823883927291546,San Jose
112627553592128430014,San Jose
112630381066062465025,San Jose
112634267101745068857,San Jose
112635207445761067001,San Jose
112686633785244903387,San Jose
112706049344423574671,Santa Clara
112715184784863984852,San Jose
112722260453311161072,San Jose
112724913357241032248,Cupertino
112729674259282584326,San Jose
112738442178484784832,San Jose
112755300918317159660,San Jose
112761992534565699250,Sunnyvale
112777924900903538495,San Jose
112791385418294834726,Palo Alto
112798396412268348446,Sunnyvale
112810998084650239206,Palo Alto
112828010672877832707,San Jose
112833284669260353871,San Jose
112840953755514456950,Mountain View
112855854322042876480,San Jose
112860546505112808898,Milpitas
112867249530817860700,San Jose
112875490686181645819,Gilroy
112883988924895781487,Cupertino
112884475829116678853,San Jose
112886144674842967311,San Jose
112896630675956599355,Mountain View
112898946800028580727,Palo Alto
112898989500850976754,Los Gatos
112903993567089241943,San Jose
112917731634183031229,San Jose
112918539634084484564,San Jose
112920205209894234789,Palo Alto
112922502890031014792,San Jose
112937265187476102023,Mountain View
112938485898992584117,San Jose
112943906565657551926,Campbell
112971850748704995684,Cupertino
112987696870145960488,Palo Alto
112990695519143502741,Mountain View
112997312617239739681,San Jose
113000536849653396194,Sunnyvale
113012925050159692171,Campbell
113014272328058073144,Santa Clara
113028894382156271453,Mountain View
113033016872300497592,San Jose
113041928974227396225,Los Gatos
113050434590327066313,Santa Clara
113059776836660832088,San Jose
113061838096030523673,Gilroy
113065524761530829309,Cupertino
113072346600583942173,San Jose
113081911869777632602,San Jose
113092905218881630828,Sunnyvale
113095204367943216385,Sunnyvale
113097276181543898574,San Jose
113098320671886550178,Palo Alto
113108513364549974192,Los Altos
113110764348437997849,Mountain View
113111875056252583184,Los Gatos
113112836850354309724,San Jose
113116318008017777871,Palo Alto
113116851492828339993,San Jose
113120101601441713252,San Jose
113121843608929701402,San Jose
113124358478880583737,Mountain View
113144069707868396425,Mountain View
113156747246678129168,Mountain View
113166786548497326242,Sunnyvale
113185941070842565891,Morgan Hill
113186342753412209501,San Jose
113188899447542562893,Morgan Hill
113208745080936618878,San Jose
113220222996161577825,San Jose
113225830150959254719,Los Altos Hils
113236272476671340126,Palo Alto
113237992524511223241,Sunnyvale
113250147677143637903,San Jose
113251085122359758371,Gilroy
113252473347678934618,Mountain View
113259311874857483445,San Jose 
113274443265908003612,Sunnyvale
113276707317168066317,Cupertino
113281702920745324016,San Jose
113286057425965017884,Mountain View
113287616783858928300,San Jose
113294188196247689899,San Jose
113296170718073870923,Campbell
113296553558440750483,Mountain View
113300104562798590083,San Jose
113301689307551733448,San Jose
113303979657941672549,San Jose
113307949639346850318,San Jose
113344121601166140714,Santa Clara
113348736951055038973,Mountain View
113379002308894722676,Sunnyvale
113384676243171554475,Santa Clara
113389020886650892955,Sunnyvale
113398588921141102344,Saratoga
113399929084091741673,San Jose
113416953521569749969,San Jose
113423909068665796377,Mountain View
113440785004585182384,Mountain View
113453798927810485027,Sunnyvale
113478839191524249714,Sunnyvale
113479210926087080165,San Jose
113491679035500132374,San Jose
113507328760761362495,Mountain View
113516083307892185292,Sunnyvale
113518175690639440513,Gilroy
113528128156765317196,San Jose
113529664435740431059,Mountain View
113536385786324678077,Santa Clara
113543037658264767777,Palo Alto
113545407964641270103,Cupertino
113545770708646538170,Campbell
113551157839480309652,Sunnyvale
113557716141585445245,Campbell
113564932677473565369,Mountain View
113571040739412193882,San Jose
113575199620551909633,Sunnyvale
113581169977162308550,Mountain View
113586462717652552836,Sunnyvale
113586670162303226877,San Jose
113598025206965595031,Santa Clara
113608626940220377088,Mountain View
113610110385262582763,San Jose
113610785798434446946,Mountain View
113612048964378554380,San Jose
113618457816978698704,Mountain View
113622517620342551904,San Jose
113637694971615821449,Sunnyvale
113638676727750459767,Mountain View
113642516518250775933,San Jose
113653776002485747551,San Jose
113658242944852377326,Mountain View
113670607092421260410,Mountain View
113678431079360416982,San Jose
113679201483461645075,San Jose
113684163732205848070,Milpitas
113693713841071300635,Mountain View
113695216118227790326,Santa Clara
113702147170760893479,Mountain View
113702531234652432965,San Jose
113714801403032412462,San Jose
113717943899665282972,Mountain View
113718283854979533853,Los Gatos
113721564444207624846,Cupertino
113721750424304143390,Los Gatos
113739053085378505442,Mountain View
113767845387280274799,Santa Clara
113773914718627348731,Sunnyvale
113783597906203858214,San Jose
113784574290306925094,Sunnyvale
113797751825329763988,Sunnyvale
113799228257247794832,San Jose
113803891450787719474,San Jose
113807926441932159673,San Jose
113810573473352308588,San Jose
113829852582946084929,San Jose
113830580829916787141,San Jose
113833564436147694931,Morgan Hill
113836046163131684898,Santa Clara
113841141601432971486,Cupertino
113854243364628266564,Mountain View
113871187033166861145,San Jose
113872226915152621170,San Jose
113875966620728992325,Los Gatos
113882643007974975905,Palo Alto
113894045284959434769,Los Altos
113897743604823558459,Campbell
113900887743523190268,San Jose
113921508866345698903,San Jose
113923112638005358001,San Jose
113934759233410392598,San Jose
113948990644603931387,San Jose
113959634484013674384,Los Gatos
113968127038423042238,San Jose
113971723045859169606,Mountain View
113987183776633707940,Cupertino
113993308939688869865,Sunnyvale
113994892054713227854,Santa Clara
113995855335170243382,San Jose
114003967862213175002,Mountain View
114013084237325671220,Cupertino
114018766332685184273,San Jose
114019454532358585559,Campbell
114028579816264416349,Mountain View
114029337211790847671,San Jose
114032776721104755262,Gilroy
114034566116755887110,Mountain View
114038554047736597321,San Jose
114046180612010159994,San Jose
114057244403249316386,San Jose
114067044779953996453,Mountain View
114069277600222846819,Mountain View
114095938631636686141,Los Gatos
114105182135599821825,San Jose
114111544524022893290,San Jose
114118733544172138139,Palo Alto
114126755329651684223,San Jose
114127470142155179248,Cupertino
114131013902570050146,Santa Clara
114135561621201082216,San Jose
114138643608797825651,San Jose
114141724803545724811,San Jose
114145111113177547926,Campbell
114148315316139786141,Santa Clara
114152974578128028254,San Jose
114170422854848507284,Santa Clara
114180484323485225642,San Jose
114181228812068438785,San Jose
114182521387965014429,San Jose
114188039371212819900,San Jose
114195305630937578760,Campbell
114200267444715895756,Mountain View
114205523697369808455,San Jose
114233355066920694392,Cupertino
114240799742994702065,San Jose
114241243476707346899,San Jose
114245377781654250883,Los Gatos
114260550096033539654,San Jose
114270605530539021604,Mountain View
114280751892942147580,San Jose
114287540103918212565,San Jose
114289448591067978562,Mountain View
114302612351397092939,Los Altos Hills
114332125793911172402,Campbell
114338884019387382463,Sunnyvale
114344808389367500008,Los Gatos
114345492120811793573,San Jose
114349282354977427620,Capitola
114349907043949970029,San Jose
114349949152595091816,Santa Clara
114350529211184378596,San Jose
114350857674499856158,San Jose
114355861403383627383,San Jose
114360544049054008097,Palo Alto
114360597128073400923,Mountain View
114361911716120406526,Sunnyvale
114374605150743145575,Campbell
114377932316006039340,Mountain View
114381696384349084763,San Jose
114386123939035902582,San Jose
114392263303336020941,Mountain View
114392940220936336668,San Jose
114407223873535256079,San Jose
114426949377491941311,San Jose
114434335819168350339,Mountain View
114443231111520039212,Santa Clara
114446853248208440342,San Jose
114458375924536223354,Santa Clara
114466908065106292503,San Jose
114479558745641388621,Saratoga
114487821672525723100,Santa Clara
114496289473587991761,San Jose
114502350817258289824,Sunnyvale
114507528672382329271,Los Gatos
114522888993831688371,San Jose
114524625091448231585,San Jose
114526406366900489262,San Jose
114532336570002921844,Mountain View
114535407955289411178,San Jose
114538316063076627504,Santa Clara
114563373323477614128,Mountain View
114577238873427905060,Mountain View
114581200049152995323,San Jose
114592298180563165518,Santa Clara
114600883974699921538,San Jose
114603172814661413109,San Jose
114606183728794125148,Santa Clara
114607721847382707511,San Jose
114608662975276811808,Mountain View
114610638490102492491,Santa Clara
114628582478173431356,Palo Alto
114628865660306406067,Los Gatos
114634319548269881961,Campbell
114638206572649287191,Santa Clara
114639295521653092844,San Jose
114640366079198295125,Sunnyvale
114650535663975026769,Santa Clara
114658002343138829814,Mountain View
114663829060274114555,Palo Alto
114664653255785519814,San Jose
114665062159179412607,San Jose
114671811822976355657,Cupertino
114673708569930175135,San Jose
